Id,Name,Area
1,Raipur Division,52.19300000000
2,Pithuwala Division,47.38740000000
3,South Division,21.16920000000
4,North Division,40.80360000000
5,ADB,27.20810000000
6,Maintenance Division,18.93490000000
